ticker,company,current_c25,tier,nasdaq_symbol,nasdaq_id,isin
3NOV25,Investeringsselskabet af 3. no,0,1,3nov25,TX2213,DK0010231877
AAB,AaB,0,1,aab,TX2250,DK0060868966
AGAT,Agat Ejendomme A/S,0,1,agat,TX2361,DK0010258995
AGF B,AGF A/S B,0,1,agf b,TX2306,DK0010263722
ALK B,ALK-Abello B,0,1,alk b,TX144880,DK0061802139
ALMB,Alm. Brand,0,1,almb,TX2270,DK0015250344
ALSYDB,AL Sydbank A/S,1,0,alsydb,TX2288,DK0010311471
AMBU B,Ambu B,1,0,ambu b,TX2263,DK0060946788
AOJ B,Brdr. A & O Johansen A/S B,0,1,aoj b,TX2322,DK0061686714
ATLA DKK,Atlantic Petroleum P/F,0,1,atla dkk,TX216990,FO000A0DN9X4
BAVA,Bavarian Nordic,0,1,bava,TX2265,DK0015998017
BETCO DKK,Better Collective A/S,0,1,betco dkk,TX5068112,DK0060952240
BIF,Brondby IF,0,1,bif,TX2311,DK0010247956
BIOMAR,BioMar Group A/S,0,1,biomar,TX7227036,DK0064867972
BIOPOR,BioPorto,0,1,biopor,TX2332,DK0011048619
BO,Bang & Olufsen,0,1,bo,TX2197,DK0010218429
BOOZT DKK,Boozt AB,0,1,boozt dkk,TX3639522,SE0009888738
CARL A,Carlsberg A/S A,0,1,carl a,TX2183,DK0010181676
CARL B,Carlsberg A/S B,1,0,carl b,TX2184,DK0010181759
CBRAIN,cBrain A/S,0,1,cbrain,TX159388,DK0060030286
CEMAT,Cemat A/S,0,1,cemat,TX2362,DK0010271584
CHEMM,ChemoMetec,0,1,chemm,TX236658,DK0060055861
COLO B,Coloplast B,1,0,colo b,TX2198,DK0060448595
COLUM,Columbus A/S,0,1,colum,TX2210,DK0010268366
CPHCAP ST,Copenhagen Capital A/S Stam,0,1,cphcap st,TX331348,DK0060093607
DAB,Danske Andelskassers Bank,0,1,dab,TX918920,DK0060299063
DANSKE,Danske Bank,1,0,danske,TX2179,DK0010274414
DANT,Dantax,0,1,dant,TX2317,DK0015205637
DEMANT,Demant A/S,1,0,demant,TX2209,DK0060738599
DFDS,DFDS,0,1,dfds,TX2251,DK0060655629
DJUR,Djurslands Bank,0,1,djur,TX2189,DK0060136273
DNORD,D/S Norden,0,1,dnord,TX2242,DK0060083210
DSV,DSV A/S,1,0,dsv,TX2319,DK0060079531
EMBLA,Embla Medical hf,0,1,embla,TX554024,IS0000000040
ESG,Ennogie Solar Group A/S,0,1,esg,TX2295,DK0010305077
FED,Fast Ejendom Danmark A/S,0,1,fed,TX1484734,DK0060522746
FFARMS,FirstFarms,0,1,ffarms,TX235418,DK0060056166
FLS,FLSmidth & Co.,1,0,fls,TX2202,DK0010234467
FLUG B,FlAgger group A/S B,0,1,flug b,TX2255,DK0010218189
FOBANK,Foroya Banki P/F,0,1,fobank,TX288466,FO0000000088
FYNBK,Fynske Bank A/S,0,1,fynbk,TX2382,DK0060520377
GABR,Gabriel Holding,0,1,gabr,TX2257,DK0060124691
GERHSP,German High Street Properties,0,1,gerhsp,TX311092,DK0060093524
GJ,Glunz & Jensen Holding A/S,0,1,gj,TX2258,DK0010249309
GMAB,Genmab A/S,1,0,gmab,TX2375,DK0010272202
GN,GN Store Nord,1,0,gn,TX2200,DK0010272632
GREENM,GreenMobility A/S,0,1,greenm,TX2408684,DK0060817898
GRLA,Gronlandsbanken,0,1,grla,TX2204,DK0010230630
GUBRA,Gubra A/S,0,1,gubra,TX4803602,DK0062266474
GYLD A,Gyldendal A,0,1,gyld a,TX2231,DK0010247527
GYLD B,Gyldendal B,0,1,gyld b,TX2233,DK0010247600
HARB B,Harboes Bryggeri B,0,1,harb b,TX2280,DK0060014751
HH,H+H International B,0,1,hh,TX2234,DK0015202451
HLUN A,H. LUNDBECK A/S A,0,1,hlun a,TX4399180,DK0061804697
HLUN B,H. LUNDBECK A/S B,0,1,hlun b,TX4399178,DK0061804770
HUSCO,HusCompagniet A/S,0,1,husco,TX3635266,DK0061412855
HVID,Hvidbjerg Bank,0,1,hvid,TX2206,DK0060135978
IG,InstallatorGruppen A/S,0,1,ig,TX7254176,DK0064982565
ISS,ISS,1,0,iss,TX1517120,DK0060542181
JDAN,Jeudan,0,1,jdan,TX2261,DK0061282464
JYSK,Jyske Bank A/S,1,0,jysk,TX2180,DK0010307958
KLEE B,Brd. Klee B,0,1,klee b,TX2323,DK0010129089
KRE,Kreditbanken,0,1,kre,TX2303,DK0010253764
LASP,Lan og Spar Bank,0,1,lasp,TX2365,DK0010201532
LOLB,Lollands Bank,0,1,lolb,TX2364,DK0060000107
LUXOR B,Luxor B,0,1,luxor b,TX2341,DK0010213628
MAERSK A,A.P. Moller - Maersk A,1,0,maersk a,TX2195,DK0010244425
MAERSK B,A.P. Moller - Maersk B,1,0,maersk b,TX2196,DK0010244508
MATAS,Matas A/S,0,1,matas,TX1397586,DK0060497295
MNBA,Mons Bank,0,1,mnba,TX2211,DK0060133841
MTHH,MT HAjgaard Holding A/S,0,1,mthh,TX2285,DK0010255975
NDA DK,Nordea Bank Abp,1,0,nda dk,TX2372,FI4000297767
NETC,Netcompany Group A/S,0,1,netc,TX2717802,DK0060952919
NEWCAP,Newcap Holding,0,1,newcap,TX2260,DK0064983373
NKT,NKT A/S,1,0,nkt,TX2358,DK0010287663
NNIT,NNIT A/S,0,1,nnit,TX1741078,DK0060580512
NORTHM,North Media A/S,0,1,northm,TX2327,DK0010270347
NOVO B,Novo Nordisk B,1,0,novo b,TX2178,DK0062498333
NSIS B,Novonesis (Novozymes) A/S B,1,0,nsis b,TX2376,DK0060336014
NTG,NTG Nordic Transport Group A/S,0,1,ntg,TX2356,DK0061141215
OKEAC,Det 0stasiatiske Kompagni A/S,0,1,okeac,TX2249,DK0061277894
ORSTED,Orsted A/S,1,0,orsted,TX2085844,DK0060094928
PAAL B,Per Aarsleff Holding A/S B,0,1,paal b,TX2224,DK0060700516
PARKEN,PARKEN Sport & Entertainment,0,1,parken,TX2325,DK0010237643
PARKST A,Park Street A/S A,0,1,parkst a,TX2217,DK0010158500
PEG,Pharma Equity Group A/S,0,1,peg,TX2383,DK0061155009
PFINV,Papirfabrikken Invest A/S,0,1,pfinv,TX2235,DK0010128008
PNDORA,Pandora,1,0,pndora,TX695512,DK0060252690
PRIMOF,Prime Office A/S,0,1,primof,TX416610,DK0060137594
RBLN B,Roblon B,0,1,rbln b,TX2345,DK0060485019
RBREW,Royal UNIBREW,1,0,rbrew,TX2225,DK0060634707
RIAS B,Rias B,0,1,rias b,TX2333,DK0010125848
RILBA,Ringkjobing Landbobank,0,1,rilba,TX2241,DK0060854669
ROCK A,Rockwool A/S ser. A,0,1,rock a,TX2346,DK0063855085
ROCK B,Rockwool A/S ser. B,1,0,rock b,TX2348,DK0063855168
ROV,Rovsing A/S,0,1,rov,TX231832,DK0061152170
RTX,RTX A/S,0,1,rtx,TX2374,DK0010267129
SAMPO DKK,Sampo Plc A,0,1,sampo dkk,TX5522004,FI4000552500
SCHO,Schouw & Co.,0,1,scho,TX2215,DK0010253921
SIG,Scandinavian Investment Group,0,1,sig,TX2318,DK0060038933
SJF,SJF Bank A/S,0,1,sjf,TX1933656,DK0060670776
SKJE,Skjern Bank,0,1,skje,TX2247,DK0010295922
SOLAR B,Solar B,0,1,solar b,TX2330,DK0010274844
SPG,SP Group,0,1,spg,TX2283,DK0061027356
STG,Scandinavian Tobacco Group A/S,0,1,stg,TX1985886,DK0060696300
STRAP,Strategic Partners A/S,0,1,strap,TX2533770,DK0062502894
STRINV,Strategic Investments A/S,0,1,strinv,TX2378,DK0010271238
TCM,TCM GROUP A/S,0,1,tcm,TX2536612,DK0060915478
TIV,Tivoli A/S,0,1,tiv,TX2337,DK0060726743
TRIFOR,Trifork Group AG,0,1,trifor,TX3843956,CH1111227810
TRMD A,TORM plc A,0,1,trmd a,TX2039104,GB00BZ3CNK81
TRYG,Tryg,1,0,tryg,TX126478,DK0060636678
UIE,UIE Plc,0,1,uie,TX2338,MT0002400118
VWS,Vestas Wind Systems,1,0,vws,TX2214,DK0061539921
ZEAL,Zealand Pharma,1,0,zeal,TX730846,DK0060257814
